id,disease_name,symptoms,treatment,prevention,description
1,Cảm cúm,"Sốt, ho, đau họng, chảy nước mũi, đau nhức cơ thể, mệt mỏi","Nghỉ ngơi, uống nhiều nước, dùng thuốc hạ sốt (Paracetamol), thuốc giảm đau.","Tiêm vắc-xin cúm hàng năm, rửa tay thường xuyên, tránh tiếp xúc với người bệnh.","Bệnh truyền nhiễm đường hô hấp cấp tính do virus cúm gây ra."
2,Sốt xuất huyết,"Sốt cao đột ngột, đau đầu dữ dội, đau phía sau mắt, đau khớp và cơ, phát ban, chảy máu nhẹ (chảy máu cam, nướu răng).","Không có thuốc đặc trị, chủ yếu điều trị triệu chứng: hạ sốt (Paracetamol), bù nước và điện giải. KHÔNG dùng Aspirin hoặc Ibuprofen.","Diệt muỗi, lăng quăng/bọ gậy, ngủ màn, mặc quần áo dài tay.","Bệnh truyền nhiễm cấp tính do virus Dengue gây ra, lây truyền qua muỗi vằn."
3,Viêm dạ dày,"Đau vùng thượng vị, buồn nôn, nôn, ợ hơi, ợ chua, chán ăn, đầy bụng.","Dùng thuốc kháng axit, thuốc ức chế bơm proton (PPI), thuốc diệt vi khuẩn HP (nếu có), thay đổi chế độ ăn uống.","Ăn uống điều độ, tránh thức ăn cay nóng, chua, hạn chế rượu bia, không hút thuốc lá, giảm stress.","Tình trạng viêm niêm mạc dạ dày, có thể cấp tính hoặc mãn tính."
4,Tăng huyết áp,"Thường không có triệu chứng rõ ràng (kẻ giết người thầm lặng). Có thể đau đầu, chóng mặt, hồi hộp, đỏ mặt.","Thay đổi lối sống (ăn nhạt, tập thể dục), dùng thuốc hạ huyết áp theo chỉ định của bác sĩ.","Duy trì cân nặng hợp lý, ăn nhạt, hạn chế rượu bia, không hút thuốc, tập thể dục đều đặn, kiểm soát căng thẳng.","Tình trạng áp lực máu lưu thông trong các động mạch tăng cao kéo dài."
5,Tiểu đường type 2,"Khát nước nhiều, đi tiểu nhiều, ăn nhiều nhưng sụt cân, mệt mỏi, mờ mắt, vết thương lâu lành.","Chế độ ăn uống lành mạnh, tập thể dục, dùng thuốc hạ đường huyết hoặc tiêm insulin theo chỉ định.","Duy trì cân nặng lý tưởng, ăn uống cân đối, hạn chế đường và tinh bột, tập thể dục thường xuyên.","Bệnh rối loạn chuyển hóa do khiếm khuyết về tiết insulin hoặc tác động của insulin."
6,Rối loạn tiêu hóa,"Đau bụng, đầy hơi, khó tiêu, tiêu chảy hoặc táo bón.","Bù nước và điện giải (Oresol), men vi sinh, thuốc cầm tiêu chảy hoặc nhuận tràng tùy triệu chứng.","Ăn chín uống sôi, rửa tay trước khi ăn và sau khi đi vệ sinh, hạn chế thức ăn lạ, ôi thiu.","Sự co thắt bất bình thường của các cơ vòng trong hệ tiêu hóa."
7,Viêm họng,"Đau họng, khó nuốt, sốt, sưng hạch bạch huyết ở cổ, amidan sưng đỏ.","Súc miệng nước muối, uống nhiều nước ấm, dùng thuốc giảm đau, kháng sinh (nếu do vi khuẩn).","Giữ ấm cổ, tránh uống nước đá, vệ sinh răng miệng sạch sẽ, đeo khẩu trang khi ra đường.","Tình trạng viêm niêm mạc họng, thường do virus hoặc vi khuẩn gây ra."
8,Đau nửa đầu (Migraine),"Đau nhói một bên đầu, nhạy cảm với ánh sáng và tiếng ồn, buồn nôn, nôn.","Nghỉ ngơi trong phòng tối, yên tĩnh, dùng thuốc giảm đau, thuốc cắt cơn đau nửa đầu.","Tránh các yếu tố kích thích (thức ăn, stress, thiếu ngủ), tập thể dục, ngủ đủ giấc.","Một loại đau đầu nguyên phát, thường đau một bên đầu theo nhịp mạch đập."
9,Dị ứng thời tiết,"Hắt hơi, sổ mũi, ngứa mắt, ngứa mũi, nổi mề đay, mẩn ngứa ngoài da.","Tránh tiếp xúc với tác nhân gây dị ứng (lạnh, phấn hoa...), dùng thuốc kháng histamin.","Giữ ấm cơ thể khi trời lạnh, vệ sinh nhà cửa sạch sẽ, tăng cường sức đề kháng.","Phản ứng của hệ miễn dịch đối với sự thay đổi của thời tiết."
10,Mất ngủ,"Khó đi vào giấc ngủ, ngủ không sâu giấc, thức dậy quá sớm, mệt mỏi sau khi ngủ dậy.","Vệ sinh giấc ngủ (phòng ngủ tối, yên tĩnh), thư giãn trước khi ngủ, hạn chế caffeine, dùng thuốc an thần (theo chỉ định).","Duy trì lịch ngủ đều đặn, tránh ngủ trưa quá nhiều, tập thể dục nhẹ nhàng, tránh thiết bị điện tử trước khi ngủ.","Rối loạn giấc ngủ phổ biến, ảnh hưởng đến chất lượng cuộc sống và sức khỏe."
11,Viêm gan B,"Mệt mỏi, buồn nôn, vàng da, vàng mắt, đau bụng phải, nước tiểu sẫm màu.","Thuốc kháng virus (Tenofovir, Entecavir), theo dõi định kỳ chức năng gan.","Tiêm vắc-xin phòng viêm gan B, tránh dùng chung kim tiêm, bàn chải đánh răng.","Bệnh viêm gan do virus HBV gây ra, có thể dẫn đến xơ gan và ung thư gan."
12,Viêm phổi,"Sốt cao, ho có đờm, khó thở, đau ngực khi thở sâu hoặc ho.","Kháng sinh (theo chỉ định bác sĩ), nghỉ ngơi, uống nhiều nước, hạ sốt.","Tiêm vắc-xin phòng viêm phổi, tránh hút thuốc, giữ ấm cơ thể.","Nhiễm trùng phổi do vi khuẩn, virus hoặc nấm gây ra."
13,Sỏi thận,"Đau dữ dội vùng lưng hoặc hông, đau lan xuống bụng dưới, đi tiểu buốt, máu trong nước tiểu.","Uống nhiều nước, thuốc giảm đau, thuốc giãn cơ niệu quản, phá sỏi bằng sóng xung kích hoặc phẫu thuật.","Uống đủ nước (2-3 lít/ngày), hạn chế muối, protein động vật, thực phẩm giàu oxalate.","Sự hình thành các tinh thể cứng trong thận do khoáng chất kết tủa."
14,Viêm xoang,"Đau đầu, đau vùng mặt, nghẹt mũi, chảy mũi dịch vàng xanh, giảm khứu giác.","Rửa mũi nước muối sinh lý, thuốc thông mũi, kháng sinh (nếu nhiễm khuẩn), thuốc giảm đau.","Tránh cảm lạnh, vệ sinh mũi họng, tăng cường sức đề kháng.","Viêm niêm mạc các xoang cạnh mũi do nhiễm trùng hoặc dị ứng."
15,Gout (Bệnh gút),"Đau khớp đột ngột (thường ở ngón chân cái), sưng đỏ, nóng, nhạy cảm khi chạm.","Thuốc giảm đau chống viêm (Colchicine, NSAID), thuốc hạ acid uric, chế độ ăn ít purin.","Hạn chế thực phẩm giàu purin (nội tạng, hải sản, bia rượu), uống đủ nước, kiểm soát cân nặng.","Bệnh do lắng đọng tinh thể acid uric trong khớp gây viêm."
16,Trĩ,"Đau, ngứa vùng hậu môn, chảy máu khi đi cầu, sa búi trĩ.","Thuốc bôi giảm đau, ngồi ngâm nước ấm, ăn nhiều chất xơ, uống nhiều nước, phẫu thuật (nếu nặng).","Ăn nhiều rau xanh, trái cây, uống đủ nước, tránh ngồi lâu, tập thể dục.","Tĩnh mạch ở hậu môn và trực tràng bị sưng, giãn do tăng áp lực."
17,Viêm đại tràng,"Đau bụng, tiêu chảy kéo dài, phân có máu hoặc nhầy, sụt cân.","Thuốc kháng viêm, thuốc ức chế miễn dịch, chế độ ăn phù hợp, phẫu thuật (nếu nặng).","Ăn uống lành mạnh, giảm stress, tránh thực phẩm kích thích.","Viêm mãn tính niêm mạc đại tràng, có thể do tự miễn hoặc nhiễm trùng."
18,Viêm amidan,"Đau họng, khó nuốt, sốt, amidan sưng đỏ có mủ, hôi miệng.","Kháng sinh (nếu do vi khuẩn), thuốc giảm đau hạ sốt, súc miệng nước muối, cắt amidan (nếu tái phát nhiều).","Vệ sinh răng miệng, tăng cường sức đề kháng, tránh lạnh.","Viêm nhiễm các tuyến amidan ở họng do vi khuẩn hoặc virus."
19,Viêm tai giữa,"Đau tai, sốt, giảm thính lực, chảy dịch tai, ù tai.","Kháng sinh, thuốc giảm đau, chọc dò tai (nếu có mủ tích tụ).","Điều trị kịp thời viêm đường hô hấp trên, tránh nước vào tai.","Nhiễm trùng khoang tai giữa, thường sau viêm mũi họng."
20,Viêm da cơ địa (Eczema),"Da khô, ngứa, đỏ, nứt nẻ, có vảy, mụn nước.","Kem dưỡng ẩm, thuốc bôi corticoid, thuốc kháng histamin, tránh tác nhân kích ứng.","Giữ da ẩm, tránh xà phòng mạnh, mặc quần áo cotton, tránh stress.","Bệnh da viêm mãn tính do rối loạn miễn dịch và di truyền."
21,Vảy nến (Psoriasis),"Mảng da đỏ, dày, có vảy bạc, ngứa, đau, khô nứt.","Thuốc bôi (corticoid, vitamin D), thuốc uống ức chế miễn dịch, quang trị liệu.","Giữ da ẩm, tránh stress, không gãi, hạn chế rượu bia.","Bệnh da tự miễn mãn tính do tế bào da tăng sinh quá nhanh."
22,Mụn trứng cá (Acne),"Mụn đầu đen, mụn đầu trắng, mụn sưng đỏ, mụn mủ, sẹo.","Rửa mặt sạch, thuốc bôi (Benzoyl peroxide, Retinoid), kháng sinh, thuốc uống (Isotretinoin nếu nặng).","Vệ sinh da mặt đúng cách, không nặn mụn, ăn uống lành mạnh.","Bệnh da do tuyến bã nhờn tiết quá nhiều, lỗ chân lông bị tắc và nhiễm khuẩn."
23,Nấm da,"Ngứa, đỏ, bong vảy, phát ban hình vòng, thay đổi màu da.","Thuốc bôi chống nấm, thuốc uống chống nấm (nếu nặng), giữ da khô ráo.","Giữ vệ sinh cá nhân, không dùng chung đồ dùng, mặc quần áo thoáng mát.","Nhiễm nấm trên da do môi trường ẩm ướt hoặc giảm miễn dịch."
24,Zona (Herpes zoster),"Đau, rát, ngứa một bên cơ thể, sau đó nổi mụn nước theo dây thần kinh.","Thuốc kháng virus (Acyclovir, Valacyclovir), thuốc giảm đau, nghỉ ngơi.","Tiêm vắc-xin phòng zona (cho người trên 50 tuổi), tăng cường sức đề kháng.","Tái hoạt động của virus Varicella-zoster (gây thủy đậu) ở dây thần kinh."
25,Thủy đậu,"Sốt, mệt mỏi, phát ban dạng mụn nước khắp cơ thể, ngứa.","Nghỉ ngơi, uống nhiều nước, thuốc hạ sốt, thuốc bôi giảm ngứa, cắt móng tay tránh gãi.","Tiêm vắc-xin phòng thủy đậu, cách ly người bệnh.","Bệnh truyền nhiễm do virus Varicella-zoster, thường gặp ở trẻ em."
26,Sởi,"Sốt cao, ho, sổ mũi, đau mắt, phát ban đỏ lan từ mặt xuống toàn thân.","Nghỉ ngơi, hạ sốt, bù nước, điều trị biến chứng (nếu có).","Tiêm vắc-xin phòng sởi, cách ly người bệnh.","Bệnh truyền nhiễm cấp tính do virus sởi, lây qua đường hô hấp."
27,Quai bị,"Sốt, đau và sưng tuyến nước bọt (dưới tai, dưới hàm), đau khi nhai.","Nghỉ ngơi, hạ sốt, ăn mềm, chườm ấm vùng sưng.","Tiêm vắc-xin phòng quai bị (MMR), cách ly người bệnh.","Bệnh truyền nhiễm do virus quai bị gây viêm tuyến nước bọt."
28,Rubella (Sởi Đức),"Sốt nhẹ, phát ban đỏ nhạt, sưng hạch sau tai và gáy.","Nghỉ ngơi, hạ sốt, không có thuốc đặc trị.","Tiêm vắc-xin phòng Rubella (MMR), tránh tiếp xúc khi mang thai.","Bệnh truyền nhiễm do virus Rubella, nguy hiểm cho thai nhi nếu mẹ nhiễm."
29,Tay chân miệng,"Sốt, loét miệng, phát ban dạng mụn nước ở tay, chân, mông.","Nghỉ ngơi, hạ sốt, uống nhiều nước, ăn mềm, giữ vệ sinh.","Rửa tay thường xuyên, vệ sinh đồ chơi, cách ly trẻ bệnh.","Bệnh truyền nhiễm do virus Coxsackie, thường gặp ở trẻ dưới 5 tuổi."
30,Viêm não Nhật Bản,"Sốt cao đột ngột, đau đầu dữ dội, buồn nôn, co giật, rối loạn ý thức.","Nhập viện điều trị hỗ trợ, không có thuốc đặc trị.","Tiêm vắc-xin phòng viêm não Nhật Bản, phòng muỗi đốt.","Bệnh viêm não do virus JE lây qua muỗi Culex, có thể để lại di chứng nặng."
31,Sốt rét (Malaria),"Sốt chu kỳ (rét run, sốt cao, ra mồ hôi), đau đầu, buồn nôn, mệt mỏi.","Thuốc chống sốt rét (Chloroquine, Artemisinin), nhập viện nếu nặng.","Ngủ màn tẩm thuốc, phun thuốc diệt muỗi, uống thuốc dự phòng khi đi vùng dịch.","Bệnh ký sinh trùng do Plasmodium lây qua muỗi Anopheles."
32,Lao phổi,"Ho kéo dài trên 2 tuần, ho ra máu, sốt nhẹ về chiều, đổ mồ hôi đêm, sụt cân.","Uống thuốc kháng lao (4-6 tháng), theo dõi chặt chẽ, cách ly giai đoạn đầu.","Tiêm vắc-xin BCG, tránh tiếp xúc gần với người bệnh, vệ sinh môi trường.","Bệnh nhiễm trùng phổi do vi khuẩn Mycobacterium tuberculosis."
33,Viêm màng não do não mô cầu,"Sốt cao, đau đầu dữ dội, cứng gáy, buồn nôn, nôn, phát ban xuất huyết.","Kháng sinh tĩnh mạch ngay lập tức, nhập viện cấp cứu.","Tiêm vắc-xin phòng não mô cầu, tránh tiếp xúc gần người bệnh.","Nhiễm trùng màng não do vi khuẩn Neisseria meningitidis, rất nguy hiểm."
34,Bạch hầu,"Đau họng, sốt, màng giả màu xám ở họng, khó thở, sưng cổ.","Kháng sinh, huyết thanh kháng độc tố, nhập viện cấp cứu.","Tiêm vắc-xin phòng bạch hầu (DPT), cách ly người bệnh.","Bệnh nhiễm trùng đường hô hấp do vi khuẩn Corynebacterium diphtheriae."
35,Ho gà,"Ho từng cơn dữ dội, kéo dài, tiếng hít vào như tiếng gà gáy, nôn sau ho.","Kháng sinh (giai đoạn đầu), điều trị hỗ trợ, theo dõi chặt chẽ.","Tiêm vắc-xin phòng ho gà (DPT), cách ly trẻ bệnh.","Bệnh nhiễm trùng đường hô hấp do vi khuẩn Bordetella pertussis."
36,Uốn ván,"Cứng hàm, khó mở miệng, co cứng cơ toàn thân, co giật.","Huyết thanh kháng độc tố, kháng sinh, điều trị hỗ trợ tại ICU.","Tiêm vắc-xin phòng uốn ván (DPT), vệ sinh vết thương đúng cách.","Nhiễm độc tố do vi khuẩn Clostridium tetani từ vết thương bẩn."
37,Tả,"Tiêu chảy phân nước vo gạo, nôn nhiều, mất nước nhanh, co cứng cơ.","Bù nước và điện giải (Oresol, truyền tĩnh mạch), kháng sinh.","Ăn chín uống sôi, vệ sinh cá nhân, tiêm vắc-xin phòng tả.","Bệnh tiêu chảy cấp do vi khuẩn Vibrio cholerae qua nước và thức ăn bẩn."
38,Lỵ trực trùng,"Tiêu chảy phân có máu và nhầy, đau bụng quặn, sốt, mót rặn.","Kháng sinh, bù nước và điện giải, nghỉ ngơi.","Ăn chín uống sôi, rửa tay trước khi ăn, vệ sinh thực phẩm.","Nhiễm trùng ruột do vi khuẩn Shigella qua đường tiêu hóa."
39,Thương hàn,"Sốt cao kéo dài, đau đầu, đau bụng, táo bón hoặc tiêu chảy, phát ban hồng.","Kháng sinh (Ciprofloxacin, Ceftriaxone), bù nước, nghỉ ngơi.","Ăn chín uống sôi, vệ sinh cá nhân, tiêm vắc-xin phòng thương hàn.","Bệnh nhiễm trùng hệ thống do vi khuẩn Salmonella typhi."
40,Viêm gan A,"Sốt, mệt mỏi, buồn nôn, vàng da, vàng mắt, đau bụng phải, nước tiểu sẫm.","Nghỉ ngơi, ăn uống nhẹ nhàng, không có thuốc đặc trị, tự khỏi sau 2-4 tuần.","Ăn chín uống sôi, vệ sinh cá nhân, tiêm vắc-xin phòng viêm gan A.","Viêm gan cấp do virus HAV lây qua đường tiêu hóa."
41,Viêm gan C,"Thường không triệu chứng, có thể mệt mỏi, vàng da (giai đoạn muộn).","Thuốc kháng virus trực tiếp (DAA), theo dõi chức năng gan.","Tránh dùng chung kim tiêm, bàn chải đánh răng, xét nghiệm máu trước truyền.","Viêm gan mãn tính do virus HCV, có thể dẫn đến xơ gan."
42,HIV/AIDS,"Giai đoạn đầu: sốt, phát ban, đau họng. Giai đoạn muộn: sụt cân, nhiễm trùng cơ hội, ung thư.","Thuốc kháng virus ARV suốt đời, điều trị nhiễm trùng cơ hội.","Quan hệ tình dục an toàn, không dùng chung kim tiêm, xét nghiệm trước truyền máu.","Suy giảm miễn dịch mắc phải do virus HIV phá hủy tế bào CD4."
43,Giun đũa,"Đau bụng, buồn nôn, tiêu chảy, sụt cân, có thể thấy giun trong phân.","Thuốc tẩy giun (Albendazole, Mebendazole).","Ăn chín uống sôi, rửa tay trước khi ăn, vệ sinh cá nhân.","Nhiễm giun đũa Ascaris lumbricoides qua thức ăn, nước bẩn."
44,Giun kim,"Ngứa hậu môn (đặc biệt về đêm), mất ngủ, bồn chồn.","Thuốc tẩy giun (Albendazole, Pyrantel), vệ sinh cá nhân, giặt đồ giường.","Rửa tay thường xuyên, cắt móng tay ngắn, giặt đồ lót nước nóng.","Nhiễm giun kim Enterobius vermicularis, phổ biến ở trẻ em."
45,Sán lá gan,"Đau bụng phải, buồn nôn, vàng da, sốt, gan to.","Thuốc tẩy sán (Praziquantel), phẫu thuật (nếu tắc mật).","Không ăn gỏi cá sống, rau sống không rửa sạch.","Nhiễm sán lá gan nhỏ Clonorchis sinensis qua cá nước ngọt sống."
46,Sán dây,"Đau bụng, tiêu chảy, sụt cân, có thể thấy đốt sán trong phân.","Thuốc tẩy sán (Praziquantel, Niclosamide).","Không ăn thịt lợn, thịt bò sống hoặc tái.","Nhiễm sán dây lợn/bò qua thịt nhiễm sán nang chưa nấu chín."
47,Viêm gan do rượu,"Mệt mỏi, đau bụng phải, vàng da, gan to, xơ gan (nếu tiến triển).","Ngừng rượu hoàn toàn, bổ sung vitamin, điều trị biến chứng.","Hạn chế hoặc không uống rượu bia.","Tổn thương gan do uống rượu bia nhiều và lâu dài."
48,Xơ gan,"Mệt mỏi, vàng da, bụng chướng (cổ trướng), chảy máu dễ dàng, rối loạn ý thức.","Điều trị nguyên nhân (viêm gan, rượu), hạn chế muối, lợi tiểu, ghép gan (nếu nặng).","Tiêm phòng viêm gan, không uống rượu, điều trị viêm gan sớm.","Giai đoạn cuối của bệnh gan mãn tính, mô gan bị xơ hóa."
49,Ung thư gan,"Đau bụng phải, sụt cân, mệt mỏi, vàng da, gan to cứng.","Phẫu thuật cắt gan, ghép gan, hóa trị, xạ trị, điều trị đích.","Tiêm phòng viêm gan B, không uống rượu, điều trị viêm gan mãn tính.","Khối u ác tính ở gan, thường do viêm gan B, C hoặc xơ gan."
50,Ung thư phổi,"Ho kéo dài, ho ra máu, khó thở, đau ngực, sụt cân.","Phẫu thuật, hóa trị, xạ trị, điều trị đích, miễn dịch trị liệu.","Không hút thuốc lá, tránh khói thuốc, hạn chế ô nhiễm không khí.","Khối u ác tính ở phổi, nguyên nhân chính là hút thuốc lá."
51,Ung thư dạ dày,"Đau bụng trên, buồn nôn, nôn, chán ăn, sụt cân, đầy bụng.","Phẫu thuật cắt dạ dày, hóa trị, xạ trị.","Ăn uống lành mạnh, hạn chế muối, thực phẩm hun khói, điều trị HP.","Khối u ác tính ở dạ dày, liên quan đến vi khuẩn HP và chế độ ăn."
52,Ung thư đại trực tràng,"Thay đổi thói quen đại tiện, phân có máu, đau bụng, sụt cân.","Phẫu thuật cắt đại tràng, hóa trị, xạ trị.","Ăn nhiều rau xanh, trái cây, hạn chế thịt đỏ, tập thể dục, sàng lọc định kỳ.","Khối u ác tính ở đại tràng hoặc trực tràng."
53,Ung thư vú,"Khối u ở vú, thay đổi hình dạng vú, núm vú tiết dịch, lõm da.","Phẫu thuật, hóa trị, xạ trị, nội tiết trị liệu, điều trị đích.","Tự khám vú hàng tháng, chụp nhũ ảnh định kỳ, lối sống lành mạnh.","Khối u ác tính ở vú, phổ biến nhất ở phụ nữ."
54,Ung thư cổ tử cung,"Chảy máu âm đạo bất thường, đau vùng chậu, tiết dịch bất thường.","Phẫu thuật, xạ trị, hóa trị.","Tiêm vắc-xin HPV, xét nghiệm tầm soát PAP smear định kỳ, quan hệ an toàn.","Khối u ác tính ở cổ tử cung, do virus HPV gây ra."
55,Ung thư tuyến tiền liệt,"Đi tiểu khó, đi tiểu nhiều lần, máu trong nước tiểu, đau xương (giai đoạn muộn).","Phẫu thuật, xạ trị, nội tiết trị liệu, hóa trị.","Khám sàng lọc PSA định kỳ (nam giới trên 50 tuổi), lối sống lành mạnh.","Khối u ác tính ở tuyến tiền liệt, phổ biến ở nam giới lớn tuổi."
56,Bệnh thận mãn,"Mệt mỏi, phù chân, buồn nôn, ngứa, khó thở, tiểu ít.","Lọc máu (thận nhân tạo), ghép thận, kiểm soát huyết áp và đường huyết.","Kiểm soát tốt tiểu đường, tăng huyết áp, tránh thuốc độc thận.","Suy giảm chức năng thận không hồi phục, cần lọc máu hoặc ghép thận."
57,Suy tim,"Khó thở, mệt mỏi, phù chân, ho, tim đập nhanh.","Thuốc lợi tiểu, thuốc giãn mạch, thuốc chẹn beta, hạn chế muối, nghỉ ngơi.","Kiểm soát huyết áp, điều trị bệnh tim mạch, lối sống lành mạnh.","Tim không bơm đủ máu cho cơ thể do nhiều nguyên nhân."
58,Nhồi máu cơ tim,"Đau ngực dữ dội, tức ngực, đau lan ra tay trái, hàm, lưng, khó thở, vô mồ hôi.","Cấp cứu ngay, thuốc tiêu sợi huyết, can thiệp mạch vành, phẫu thuật bắc cầu.","Kiểm soát huyết áp, đường huyết, mỡ máu, không hút thuốc, tập thể dục.","Tắc động mạch vành dẫn đến thiếu máu cơ tim, nguy hiểm tính mạng."
59,Đột quỵ (Tai biến mạch máu não),"Liệt nửa người, méo miệng, nói khó, đau đầu dữ dội, chóng mặt, rối loạn ý thức.","Cấp cứu ngay, thuốc tiêu sợi huyết (nếu xuất huyết não), phục hồi chức năng.","Kiểm soát huyết áp, đường huyết, mỡ máu, không hút thuốc, tập thể dục.","Tắc hoặc vỡ mạch máu não dẫn đến thiếu máu não, nguy hiểm tính mạng."
60,Động mạch vành,"Đau thắt ngực khi gắng sức, tức ngực, khó thở.","Thuốc giãn mạch vành, thuốc chống kết tập tiểu cầu, can thiệp mạch vành, phẫu thuật.","Kiểm soát huyết áp, đường huyết, mỡ máu, không hút thuốc, tập thể dục.","Hẹp động mạch vành do xơ vữa, giảm máu nuôi cơ tim."
61,Rối loạn nhịp tim,"Tim đập nhanh, chậm hoặc không đều, hồi hộp, chóng mặt, ngất.","Thuốc chống loạn nhịp, máy tạo nhịp tim, phá rung nhĩ.","Hạn chế caffeine, rượu bia, kiểm soát stress, điều trị bệnh tim.","Tim đập không đều do rối loạn hệ thống dẫn truyền điện tim."
62,Suy giáp,"Mệt mỏi, tăng cân, rụng tóc, da khô, táo bón, sợ lạnh.","Bổ sung hormone tuyến giáp (Levothyroxine) suốt đời.","Không có cách phòng ngừa cụ thể, theo dõi chức năng giáp định kỳ.","Tuyến giáp tiết ít hormone, làm chậm chuyển hóa."
63,Cường giáp,"Sụt cân, tim đập nhanh, run tay, mắt lồi, vã mồ hôi, lo lắng.","Thuốc kháng giáp, iod phóng xạ, phẫu thuật cắt giáp.","Không có cách phòng ngừa cụ thể, theo dõi chức năng giáp định kỳ.","Tuyến giáp tiết quá nhiều hormone, tăng tốc chuyển hóa."
64,Tiểu đường type 1,"Khát nước nhiều, đi tiểu nhiều, đói nhiều, sụt cân nhanh, mệt mỏi.","Tiêm insulin suốt đời, theo dõi đường huyết, chế độ ăn phù hợp.","Không có cách phòng ngừa, do tự miễn phá hủy tế bào tụy.","Tụy không tiết insulin do tự miễn, thường khởi phát ở trẻ em."
65,Hội chứng buồng trứng đa nang (PCOS),"Rối loạn kinh nguyệt, vô kinh, lông mọc nhiều, mụn trứng cá, khó thụ thai.","Thuốc tránh thai, thuốc hạ đường huyết, điều chỉnh lối sống, giảm cân.","Duy trì cân nặng hợp lý, tập thể dục, ăn uống lành mạnh.","Rối loạn nội tiết tố ở phụ nữ, buồng trứng có nhiều nang nhỏ."
66,Loãng xương,"Thường không triệu chứng, gãy xương dễ dàng, đau lưng, gù.","Bổ sung canxi, vitamin D, thuốc chống loãng xương, tập thể dục.","Ăn đủ canxi, vitamin D, tập thể dục chịu lực, không hút thuốc, hạn chế rượu.","Xương mất mật độ, trở nên xốp và dễ gãy."
67,Viêm khớp dạng thấp,"Đau, sưng khớp (đặc biệt tay, chân), cứng khớp buổi sáng, mệt mỏi.","Thuốc chống viêm, thuốc ức chế miễn dịch, vật lý trị liệu.","Không có cách phòng ngừa cụ thể, phát hiện và điều trị sớm.","Bệnh tự miễn gây viêm khớp mãn tính, có thể biến dạng khớp."
68,Thoái hóa khớp,"Đau khớp khi vận động, cứng khớp, sưng nhẹ, giảm vận động.","Thuốc giảm đau, bổ sung glucosamine, vật lý trị liệu, phẫu thuật thay khớp (nếu nặng).","Duy trì cân nặng hợp lý, tập thể dục nhẹ nhàng, tránh chấn thương khớp.","Sụn khớp bị mòn do tuổi tác hoặc chấn thương."
69,Đau thần kinh tọa,"Đau từ lưng lan xuống mông, đùi, cẳng chân, tê bì, yếu chân.","Thuốc giảm đau, vật lý trị liệu, tiêm corticoid, phẫu thuật (nếu nặng).","Tư thế ngồi đúng, tập thể dục tăng cường cơ lưng, tránh mang vác nặng.","Chèn ép dây thần kinh tọa do thoát vị đĩa đệm hoặc thoái hóa cột sống."
70,Thoát vị đĩa đệm,"Đau lưng, đau lan xuống chân, tê bì, yếu cơ.","Nghỉ ngơi, vật lý trị liệu, thuốc giảm đau, tiêm corticoid, phẫu thuật (nếu nặng).","Tư thế ngồi đúng, tập thể dục tăng cường cơ lưng, tránh mang vác nặng.","Đĩa đệm giữa các đốt sống bị thoát ra, chèn ép dây thần kinh."
71,Viêm gan do thuốc,"Mệt mỏi, buồn nôn, vàng da, đau bụng phải.","Ngừng thuốc gây hại, điều trị hỗ trợ, theo dõi chức năng gan.","Dùng thuốc theo chỉ định, tránh tự ý dùng thuốc, kiểm tra gan định kỳ khi dùng thuốc lâu dài.","Tổn thương gan do tác dụng phụ của thuốc."
72,Viêm tụy cấp,"Đau bụng trên dữ dội, buồn nôn, nôn, sốt.","Nhập viện, nhịn ăn, truyền dịch, giảm đau, điều trị nguyên nhân.","Hạn chế rượu bia, điều trị sỏi mật, tránh thuốc gây viêm tụy.","Viêm tụy đột ngột do sỏi mật, rượu hoặc thuốc."
73,Viêm tụy mãn,"Đau bụng trên kéo dài, tiêu chảy mỡ, sụt cân, tiểu đường.","Ngừng rượu, thuốc giảm đau, enzyme tụy, insulin (nếu tiểu đường).","Không uống rượu bia, ăn ít béo, điều trị viêm tụy cấp kịp thời.","Viêm tụy kéo dài, tổn thương tụy không hồi phục."
74,Sỏi mật,"Đau bụng phải trên, buồn nôn, nôn, vàng da (nếu tắc mật).","Phẫu thuật cắt túi mật, nội soi lấy sỏi.","Ăn ít béo, duy trì cân nặng hợp lý, tập thể dục.","Sỏi hình thành trong túi mật hoặc đường mật."
75,Viêm túi mật,"Đau bụng phải trên dữ dội, sốt, buồn nôn, vàng da.","Kháng sinh, phẫu thuật cắt túi mật.","Điều trị sỏi mật kịp thời, ăn uống lành mạnh.","Viêm túi mật thường do sỏi mật gây tắc."
76,Viêm ruột thừa,"Đau quanh rốn sau đó chuyển xuống hố chậu phải, sốt, buồn nôn, nôn.","Phẫu thuật cắt ruột thừa ngay.","Không có cách phòng ngừa cụ thể.","Viêm ruột thừa do tắc nghẽn, có thể vỡ gây viêm phúc mạc."
77,Viêm phúc mạc,"Đau bụng dữ dội toàn bộ, bụng cứng như ván, sốt cao, nôn.","Phẫu thuật cấp cứu, kháng sinh tĩnh mạch.","Điều trị kịp thời viêm ruột thừa, loét dạ dày thủng.","Viêm màng phúc mạc do nhiễm trùng, rất nguy hiểm."
78,Tắc ruột,"Đau bụng quặn, nôn, bụng chướng, không đại tiện, không xì hơi.","Nhập viện, đặt sonde dạ dày, truyền dịch, phẫu thuật (nếu cần).","Ăn nhiều chất xơ, uống đủ nước, điều trị thoát vị kịp thời.","Ruột bị tắc do dính, thoát vị, khối u hoặc giun."
79,Xuất huyết tiêu hóa,"Nôn ra máu, đại tiện phân đen hoặc máu tươi, chóng mặt, ngất.","Cấp cứu ngay, nội soi cầm máu, truyền máu, phẫu thuật (nếu cần).","Điều trị loét dạ dày, xơ gan, tránh thuốc gây loét.","Chảy máu trong đường tiêu hóa do loét, giãn tĩnh mạch thực quản, u."
80,Hội chứng ruột kích thích (IBS),"Đau bụng, đầy hơi, tiêu chảy hoặc táo bón luân phiên.","Thay đổi chế độ ăn, giảm stress, thuốc điều chỉnh nhu động ruột.","Ăn uống lành mạnh, tránh thực phẩm kích thích, giảm stress.","Rối loạn chức năng ruột, không có tổn thương cấu trúc."
81,Viêm loét đại tràng,"Tiêu chảy có máu, đau bụng, mót rặn, sốt, sụt cân.","Thuốc kháng viêm, thuốc ức chế miễn dịch, phẫu thuật (nếu nặng).","Không có cách phòng ngừa cụ thể, phát hiện và điều trị sớm.","Viêm mãn tính niêm mạc đại tràng, bệnh tự miễn."
82,Bệnh Crohn,"Đau bụng, tiêu chảy, sốt, sụt cân, loét miệng.","Thuốc kháng viêm, thuốc ức chế miễn dịch, phẫu thuật (nếu biến chứng).","Không có cách phòng ngừa cụ thể, phát hiện và điều trị sớm.","Viêm mãn tính toàn bộ thành ruột, bệnh tự miễn."
83,Viêm gan do mỡ (NAFLD),"Thường không triệu chứng, có thể mệt mỏi, đau bụng phải.","Giảm cân, tập thể dục, kiểm soát đường huyết và mỡ máu.","Duy trì cân nặng hợp lý, ăn uống lành mạnh, tập thể dục.","Tích tụ mỡ trong gan không do rượu, liên quan đến béo phì, tiểu đường."
84,Viêm phế quản mãn,"Ho có đờm kéo dài trên 3 tháng/năm trong 2 năm liên tiếp, khó thở.","Ngừng hút thuốc, thuốc giãn phế quản, thuốc long đờm, kháng sinh (nếu nhiễm trùng).","Không hút thuốc, tránh ô nhiễm không khí, tiêm phòng cúm.","Viêm phế quản kéo dài, thường do hút thuốc lá."
85,Bệnh phổi tắc nghẽn mãn tính (COPD),"Khó thở, ho có đờm, thở khò khè, mệt mỏi.","Ngừng hút thuốc, thuốc giãn phế quản, corticoid, oxy trị liệu.","Không hút thuốc, tránh ô nhiễm không khí, tiêm phòng cúm.","Nhóm bệnh phổi gây tắc nghẽn luồng khí, chủ yếu do hút thuốc."
86,Hen phế quản,"Khó thở, thở khò khè, ho, tức ngực (cơn).","Thuốc giãn phế quản, corticoid hít, tránh tác nhân kích thích.","Tránh dị nguyên (bụi, phấn hoa, lông thú), không hút thuốc, kiểm soát stress.","Viêm mãn tính đường thở, co thắt phế quản gây khó thở."
87,Lao màng phổi,"Đau ngực, khó thở, ho, sốt, đổ mồ hôi đêm.","Thuốc kháng lao, chọc hút dịch màng phổi.","Tiêm vắc-xin BCG, tránh tiếp xúc người bệnh lao.","Lao lan sang màng phổi, tích tụ dịch trong khoang màng phổi."
88,Tràn dịch màng phổi,"Khó thở, đau ngực, ho.","Chọc hút dịch, điều trị nguyên nhân (nhiễm trùng, suy tim, ung thư).","Điều trị kịp thời bệnh phổi, tim, thận.","Tích tụ dịch trong khoang màng phổi do nhiều nguyên nhân."
89,Tràn khí màng phổi,"Đau ngực đột ngột, khó thở, tim đập nhanh.","Chọc hút khí, đặt dẫn lưu màng phổi.","Tránh chấn thương ngực, điều trị bệnh phổi.","Khí tích tụ trong khoang màng phổi làm xẹp phổi."
90,Viêm phổi do nấm,"Ho, sốt, khó thở, đau ngực (ở người suy giảm miễn dịch).","Thuốc kháng nấm, tăng cường miễn dịch.","Tránh môi trường ẩm ướt, tăng cường miễn dịch.","Nhiễm nấm phổi, thường ở người HIV, dùng corticoid lâu dài."
91,Viêm mũi dị ứng,"Hắt hơi, sổ mũi, ngứa mũi, nghẹt mũi.","Thuốc kháng histamin, xịt mũi corticoid, tránh dị nguyên.","Tránh dị nguyên (bụi, phấn hoa, lông thú), vệ sinh nhà cửa.","Viêm niêm mạc mũi do dị ứng với các tác nhân môi trường."
92,Viêm kết mạc,"Mắt đỏ, ngứa, chảy nước mắt, ghèn, nhạy sáng.","Nhỏ mắt kháng sinh (nếu do vi khuẩn), kháng histamin (nếu dị ứng), vệ sinh mắt.","Rửa tay thường xuyên, không dụi mắt, không dùng chung khăn mặt.","Viêm màng kết mạc mắt do nhiễm trùng hoặc dị ứng."
93,Đục thủy tinh thể (Cataract),"Mờ mắt, nhìn mờ, chói sáng, giảm thị lực.","Phẫu thuật thay thủy tinh thể nhân tạo.","Bảo vệ mắt khỏi tia UV, kiểm soát đường huyết, không hút thuốc.","Thủy tinh thể mắt bị đục do tuổi tác, tiểu đường, chấn thương."
94,Tăng nhãn áp (Glaucoma),"Thường không triệu chứng, giảm thị lực ngoại vi, đau mắt (cấp tính).","Nhỏ mắt hạ nhãn áp, laser, phẫu thuật.","Khám mắt định kỳ, đặc biệt người có tiền sử gia đình.","Tăng áp lực trong mắt làm tổn thương dây thần kinh thị giác."
95,Thoái hóa điểm vàng,"Giảm thị lực trung tâm, nhìn méo, khó đọc sách.","Bổ sung vitamin, laser, tiêm thuốc vào mắt.","Ăn nhiều rau xanh, cá, bảo vệ mắt khỏi tia UV, không hút thuốc.","Thoái hóa điểm vàng võng mạc do tuổi tác."
96,Viêm tai ngoài,"Đau tai, ngứa tai, chảy dịch tai, sưng đỏ ống tai ngoài.","Nhỏ tai kháng sinh, giảm đau, giữ tai khô.","Khôngковыряться tai, giữ tai khô sau bơi.","Viêm da ống tai ngoài do nhiễm trùng hoặc dị ứng."
97,Ù tai (Tinnitus),"Nghe thấy tiếng kêu, rít, vo ve trong tai không có nguồn âm bên ngoài.","Điều trị nguyên nhân (nếu có), liệu pháp âm thanh, thuốc (hạn chế).","Tránh tiếng ồn lớn, kiểm soát huyết áp, giảm stress.","Cảm giác nghe thấy âm thanh không có nguồn bên ngoài."
98,Viêm lợi,"Lợi sưng, đỏ, chảy máu khi đánh răng, hôi miệng.","Vệ sinh răng miệng đúng cách, cạo vôi răng, súc miệng nước muối.","Đánh răng 2 lần/ngày, dùng chỉ nha khoa, khám nha sĩ định kỳ.","Viêm nướu răng do mảng bám và vi khuẩn."
99,Sâu răng,"Đau răng, nhạy cảm với nóng lạnh, lỗ đen trên răng.","Trám răng, lấy tủy, nhổ răng (nếu nặng).","Đánh răng 2 lần/ngày, hạn chế đường, khám nha sĩ định kỳ.","Men răng bị phá hủy do acid từ vi khuẩn."
100,Viêm quanh răng,"Lợi sưng, chảy máu, chảy mủ, răng lung lay, hôi miệng.","Cạo vôi răng sâu, kháng sinh, phẫu thuật nha chu, nhổ răng (nếu nặng).","Vệ sinh răng miệng tốt, khám nha sĩ định kỳ, không hút thuốc.","Viêm mô quanh răng (lợi, xương, dây chằng) do vi khuẩn."
